"HPC","Feature","PIP","p_value","q_value","risk"
"hpc_0","NFkB","0.997","0.003","0.007814","high"
"hpc_14","NFkB","0.994","0.006","0.014","high"
"hpc_9","NFkB","0.993","0.007","0.016752","high"
"hpc_1","NFkB","0.986","0.014","0.036296","high"
"hpc_1","EGFR","0.968","0.032","0.037025","low"
"hpc_22","p53","0.99","0.01","0.053333","high"
"hpc_9","TNFa","0.963","0.037","0.06641","low"
"hpc_8","NFkB","0.971","0.029","0.0697","high"
"hpc_16","NFkB","0.97","0.03","0.070588","high"
"hpc_27","p53","0.987","0.013","0.071373","high"
"hpc_1","p53","0.987","0.013","0.095789","high"
"hpc_8","p53","0.984","0.016","0.096344","high"
"hpc_16","PI3K","0.991","0.009","0.096923","high"
"hpc_7","EGFR","0.923","0.077","0.100279","low"
"hpc_7","NFkB","0.955","0.045","0.10678","high"
"hpc_15","NFkB","0.952","0.048","0.111535","high"
"hpc_0","Trail","0.934","0.066","0.118083","low"
"hpc_20","p53","0.978","0.022","0.124444","high"
"hpc_20","NFkB","0.945","0.055","0.12887","high"
"hpc_39","NFkB","0.947","0.053","0.129607","high"
"hpc_9","EGFR","0.877","0.123","0.157982","low"
"hpc_10","MAPK","0.918","0.082","0.169446","high"
"hpc_32","p53","0.969","0.031","0.190769","high"
"hpc_0","p53","0.973","0.027","0.2016","high"
"hpc_14","EGFR","0.807","0.193","0.220571","low"
"hpc_0","EGFR","0.808","0.192","0.222609","low"
"hpc_21","p53","0.956","0.044","0.236923","high"
"hpc_8","PI3K","0.971","0.029","0.249846","high"
"hpc_16","EGFR","0.771","0.229","0.262787","low"
"hpc_32","EGFR","0.755","0.245","0.285239","low"
"hpc_21","EGFR","0.753","0.247","0.290588","low"
"hpc_9","WNT","0.958","0.042","0.301538","high"
"hpc_22","Androgen","0.744","0.256","0.308966","low"
"hpc_10","NFkB","0.87","0.13","0.319298","high"
"hpc_32","TNFa","0.817","0.183","0.343893","low"
"hpc_15","EGFR","0.691","0.309","0.355318","low"
"hpc_9","p53","0.939","0.061","0.363404","high"
"hpc_20","EGFR","0.687","0.313","0.363651","low"
"hpc_8","EGFR","0.711","0.289","0.375499","low"
"hpc_14","Hypoxia","0.89","0.11","0.380247","high"
"hpc_14","Estrogen","0.696","0.304","0.39683","low"
"hpc_31","Estrogen","0.886","0.114","0.43726","high"
"hpc_3","EGFR","0.628","0.372","0.438568","low"
"hpc_27","EGFR","0.617","0.383","0.452489","low"
"hpc_10","EGFR","0.601","0.399","0.456933","low"
"hpc_31","EGFR","0.604","0.396","0.462","low"
"hpc_15","TNFa","0.763","0.237","0.468975","low"
"hpc_22","NFkB","0.79","0.21","0.48","high"
"hpc_32","NFkB","0.801","0.199","0.482424","high"
"hpc_20","PI3K","0.957","0.043","0.491429","high"
"hpc_44","EGFR","0.614","0.386","0.499215","low"
"hpc_39","EGFR","0.57","0.43","0.502714","low"
"hpc_10","VEGF","0.899","0.101","0.528598","high"
"hpc_22","EGFR","0.544","0.456","0.535346","low"
"hpc_0","TGFb","0.664","0.336","0.548571","low"
"hpc_41","EGFR","0.572","0.428","0.554815","low"
"hpc_37","EGFR","0.52","0.48","0.562343","low"
"hpc_20","MAPK","0.772","0.228","0.572556","high"
"hpc_3","NFkB","0.742","0.258","0.594568","high"
"hpc_1","WNT","0.86","0.14","0.603077","high"
"hpc_9","Hypoxia","0.714","0.286","0.645806","high"
"hpc_0","MAPK","0.361","0.639","0.656587","low"
"hpc_1","TNFa","0.654","0.346","0.659048","low"
"hpc_41","Hypoxia","0.688","0.312","0.66687","high"
"hpc_20","TGFb","0.588","0.412","0.67462","low"
"hpc_7","Androgen","0.42","0.58","0.686681","low"
"hpc_7","Hypoxia","0.674","0.326","0.702154","high"
"hpc_9","NFkB","0.355","0.645","0.702724","low"
"hpc_31","NFkB","0.684","0.316","0.746667","high"
"hpc_21","Androgen","0.373","0.627","0.747064","low"
"hpc_41","NFkB","0.689","0.311","0.757217","high"
"hpc_41","p53","0.878","0.122","0.759111","high"
"hpc_31","Hypoxia","0.637","0.363","0.787907","high"
"hpc_0","MAPK","0.622","0.378","0.798792","high"
"hpc_31","TGFb","0.512","0.488","0.803765","low"
"hpc_44","TGFb","0.57","0.43","0.821843","low"
"hpc_1","MAPK","0.182","0.818","0.832873","low"
"hpc_9","VEGF","0.39","0.61","0.845545","low"
"hpc_20","Androgen","0.277","0.723","0.863284","low"
"hpc_7","JAK-STAT","0.158","0.842","0.86359","low"
"hpc_21","Hypoxia","0.742","0.258","0.870361","high"
"hpc_37","NFkB","0.639","0.361","0.871379","high"
"hpc_3","JAK-STAT","0.134","0.866","0.876962","low"
"hpc_15","MAPK","0.136","0.864","0.881311","low"
"hpc_20","Estrogen","0.337","0.663","0.8819","low"
"hpc_10","MAPK","0.13","0.87","0.884211","low"
"hpc_10","Androgen","0.264","0.736","0.886366","low"
"hpc_1","Androgen","0.259","0.741","0.886667","low"
"hpc_31","NFkB","0.177","0.823","0.891451","low"
"hpc_37","Hypoxia","0.592","0.408","0.8925","high"
"hpc_8","JAK-STAT","0.128","0.872","0.892724","low"
"hpc_37","NFkB","0.181","0.819","0.895781","low"
"hpc_27","JAK-STAT","0.109","0.891","0.89741","low"
"hpc_37","JAK-STAT","0.101","0.899","0.899","low"
"hpc_32","MAPK","0.189","0.811","0.899327","low"
"hpc_32","JAK-STAT","0.101","0.899","0.900608","low"
"hpc_44","JAK-STAT","0.111","0.889","0.901884","low"
"hpc_31","Hypoxia","0.133","0.867","0.902454","low"
"hpc_39","JAK-STAT","0.102","0.898","0.902837","low"
"hpc_14","MAPK","0.116","0.884","0.903358","low"
"hpc_8","Hypoxia","0.138","0.862","0.90397","low"
"hpc_39","Hypoxia","0.124","0.876","0.906765","low"
"hpc_22","MAPK","0.188","0.812","0.907625","low"
"hpc_31","JAK-STAT","0.101","0.899","0.908736","low"
"hpc_22","JAK-STAT","0.098","0.902","0.910126","low"
"hpc_15","NFkB","0.152","0.848","0.911478","low"
"hpc_41","JAK-STAT","0.091","0.909","0.912258","low"
"hpc_16","JAK-STAT","0.135","0.865","0.913962","low"
"hpc_9","Trail","0.366","0.634","0.915052","low"
"hpc_9","JAK-STAT","0.111","0.889","0.915147","low"
"hpc_37","Hypoxia","0.12","0.88","0.919403","low"
"hpc_14","TNFa","0.525","0.475","0.920415","low"
"hpc_27","NFkB","0.142","0.858","0.92046","low"
"hpc_32","Androgen","0.248","0.752","0.921488","low"
"hpc_0","NFkB","0.184","0.816","0.923152","low"
"hpc_27","Androgen","0.244","0.756","0.924367","low"
"hpc_21","NFkB","0.597","0.403","0.924918","high"
"hpc_3","Hypoxia","0.113","0.887","0.924991","low"
"hpc_15","JAK-STAT","0.117","0.883","0.92773","low"
"hpc_20","NFkB","0.14","0.86","0.927938","low"
"hpc_20","JAK-STAT","0.12","0.88","0.92806","low"
"hpc_0","JAK-STAT","0.123","0.877","0.928393","low"
"hpc_14","JAK-STAT","0.117","0.883","0.929474","low"
"hpc_21","JAK-STAT","0.098","0.902","0.930239","low"
"hpc_37","Androgen","0.232","0.768","0.930909","low"
"hpc_44","Hypoxia","0.103","0.897","0.931948","low"
"hpc_39","Hypoxia","0.564","0.436","0.935479","high"
"hpc_8","VEGF","0.32","0.68","0.935627","low"
"hpc_3","MAPK","0.152","0.848","0.936647","low"
"hpc_8","MAPK","0.168","0.832","0.937465","low"
"hpc_1","NFkB","0.169","0.831","0.938226","low"
"hpc_22","NFkB","0.12","0.88","0.938667","low"
"hpc_0","Hypoxia","0.71","0.29","0.938728","high"
"hpc_15","Androgen","0.209","0.791","0.940467","low"
"hpc_20","MAPK","0.155","0.845","0.940755","low"
"hpc_8","Androgen","0.185","0.815","0.941031","low"
"hpc_32","NFkB","0.141","0.859","0.94137","low"
"hpc_7","Hypoxia","0.089","0.911","0.944741","low"
"hpc_31","Estrogen","0.281","0.719","0.945164","low"
"hpc_32","Hypoxia","0.094","0.906","0.948336","low"
"hpc_10","Estrogen","0.263","0.737","0.948782","low"
"hpc_21","MAPK","0.151","0.849","0.95088","low"
"hpc_8","NFkB","0.128","0.872","0.951891","low"
"hpc_16","NFkB","0.118","0.882","0.953514","low"
"hpc_1","JAK-STAT","0.104","0.896","0.953916","low"
"hpc_41","Hypoxia","0.076","0.924","0.954686","low"
"hpc_8","TNFa","0.462","0.538","0.956444","low"
"hpc_44","NFkB","0.117","0.883","0.960155","low"
"hpc_14","Androgen","0.199","0.801","0.962575","low"
"hpc_10","JAK-STAT","0.093","0.907","0.963795","low"
"hpc_7","MAPK","0.153","0.847","0.964065","low"
"hpc_9","MAPK","0.142","0.858","0.964819","low"
"hpc_44","MAPK","0.154","0.846","0.964888","low"
"hpc_27","MAPK","0.128","0.872","0.965059","low"
"hpc_39","MAPK","0.145","0.855","0.971197","low"
"hpc_39","NFkB","0.114","0.886","0.974774","low"
"hpc_31","MAPK","0.119","0.881","0.978889","low"
"hpc_9","Hypoxia","0.076","0.924","0.98","low"
"hpc_9","Androgen","0.149","0.851","0.980576","low"
"hpc_3","NFkB","0.084","0.916","0.980803","low"
"hpc_37","MAPK","0.124","0.876","0.983086","low"
"hpc_7","NFkB","0.094","0.906","0.983256","low"
"hpc_22","MAPK","0.61","0.39","0.988235","high"
"hpc_41","MAPK","0.124","0.876","0.993036","low"
"hpc_21","NFkB","0.068","0.932","0.996031","low"
"hpc_41","NFkB","0.09","0.91","0.999216","low"
"hpc_16","Estrogen","0.085","0.915","1","low"
"hpc_21","Estrogen","0.042","0.958","1","low"
"hpc_31","p53","0.105","0.895","1","low"
"hpc_22","Estrogen","0.146","0.854","1","low"
"hpc_3","Estrogen","0.127","0.873","1","low"
"hpc_32","Estrogen","0.124","0.876","1","low"
"hpc_27","Estrogen","0.096","0.904","1","low"
"hpc_27","p53","0.101","0.899","1","low"
"hpc_3","p53","0.106","0.894","1","low"
"hpc_8","p53","0.141","0.859","1","low"
"hpc_7","p53","0.128","0.872","1","low"
"hpc_44","p53","0.105","0.895","1","low"
"hpc_10","Hypoxia","0.074","0.926","1","low"
"hpc_44","PI3K","0.202","0.798","1","low"
"hpc_9","p53","0.118","0.882","1","low"
"hpc_32","p53","0.122","0.878","1","low"
"hpc_1","Estrogen","0.06","0.94","1","low"
"hpc_15","Estrogen","0.092","0.908","1","low"
"hpc_41","p53","0.127","0.873","1","low"
"hpc_39","p53","0.11","0.89","1","low"
"hpc_37","p53","0.109","0.891","1","low"
"hpc_1","Hypoxia","0.098","0.902","1","low"
"hpc_14","Hypoxia","0.106","0.894","1","low"
"hpc_0","Hypoxia","0.133","0.867","1","low"
"hpc_10","p53","0.124","0.876","1","low"
"hpc_9","Estrogen","0.045","0.955","1","low"
"hpc_15","Hypoxia","0.144","0.856","1","low"
"hpc_22","Hypoxia","0.116","0.884","1","low"
"hpc_27","Hypoxia","0.107","0.893","1","low"
"hpc_21","Hypoxia","0.098","0.902","1","low"
"hpc_16","Hypoxia","0.091","0.909","1","low"
"hpc_20","Hypoxia","0.12","0.88","1","low"
"hpc_14","p53","0.142","0.858","1","low"
"hpc_21","p53","0.107","0.893","1","low"
"hpc_20","p53","0.144","0.856","1","low"
"hpc_22","p53","0.197","0.803","1","low"
"hpc_37","Estrogen","0.084","0.916","1","low"
"hpc_39","Estrogen","0.123","0.877","1","low"
"hpc_16","p53","0.132","0.868","1","low"
"hpc_8","Estrogen","0.1","0.9","1","low"
"hpc_15","p53","0.168","0.832","1","low"
"hpc_7","Estrogen","0.043","0.957","1","low"
"hpc_41","Estrogen","0.147","0.853","1","low"
"hpc_44","Estrogen","0.175","0.825","1","low"
"hpc_16","MAPK","0.082","0.918","1","low"
"hpc_14","Trail","0.131","0.869","1","low"
"hpc_15","Trail","0.213","0.787","1","low"
"hpc_16","Trail","0.088","0.912","1","low"
"hpc_15","WNT","0.065","0.935","1","low"
"hpc_1","Trail","0.141","0.859","1","low"
"hpc_10","Trail","0.118","0.882","1","low"
"hpc_20","Trail","0.089","0.911","1","low"
"hpc_3","Trail","0.094","0.906","1","low"
"hpc_31","Trail","0.137","0.863","1","low"
"hpc_32","Trail","0.246","0.754","1","low"
"hpc_21","Trail","0.176","0.824","1","low"
"hpc_22","Trail","0.126","0.874","1","low"
"hpc_27","Trail","0.16","0.84","1","low"
"hpc_16","WNT","0.035","0.965","1","low"
"hpc_27","TNFa","0.158","0.842","1","low"
"hpc_21","WNT","0.021","0.979","1","low"
"hpc_3","TNFa","0.229","0.771","1","low"
"hpc_20","TNFa","0.13","0.87","1","low"
"hpc_21","TNFa","0.269","0.731","1","low"
"hpc_22","TNFa","0.441","0.559","1","low"
"hpc_31","TNFa","0.26","0.74","1","low"
"hpc_41","TNFa","0.348","0.652","1","low"
"hpc_44","TNFa","0.209","0.791","1","low"
"hpc_7","TNFa","0.167","0.833","1","low"
"hpc_20","WNT","0.106","0.894","1","low"
"hpc_37","TNFa","0.246","0.754","1","low"
"hpc_39","TNFa","0.271","0.729","1","low"
"hpc_31","VEGF","0.079","0.921","1","low"
"hpc_32","VEGF","0.13","0.87","1","low"
"hpc_37","VEGF","0.093","0.907","1","low"
"hpc_22","VEGF","0.084","0.916","1","low"
"hpc_27","VEGF","0.122","0.878","1","low"
"hpc_3","VEGF","0.081","0.919","1","low"
"hpc_39","VEGF","0.141","0.859","1","low"
"hpc_0","WNT","0.025","0.975","1","low"
"hpc_1","WNT","0.256","0.744","1","low"
"hpc_10","WNT","0.093","0.907","1","low"
"hpc_41","VEGF","0.115","0.885","1","low"
"hpc_44","VEGF","0.103","0.897","1","low"
"hpc_7","VEGF","0.097","0.903","1","low"
"hpc_21","VEGF","0.261","0.739","1","low"
"hpc_44","Trail","0.146","0.854","1","low"
"hpc_7","Trail","0.209","0.791","1","low"
"hpc_8","Trail","0.148","0.852","1","low"
"hpc_37","Trail","0.147","0.853","1","low"
"hpc_39","Trail","0.152","0.848","1","low"
"hpc_41","Trail","0.136","0.864","1","low"
"hpc_0","VEGF","0.198","0.802","1","low"
"hpc_15","VEGF","0.104","0.896","1","low"
"hpc_16","VEGF","0.063","0.937","1","low"
"hpc_20","VEGF","0.102","0.898","1","low"
"hpc_1","VEGF","0.165","0.835","1","low"
"hpc_10","VEGF","0.097","0.903","1","low"
"hpc_14","VEGF","0.253","0.747","1","low"
"hpc_16","TNFa","0.306","0.694","1","low"
"hpc_39","PI3K","0.127","0.873","1","low"
"hpc_41","PI3K","0.161","0.839","1","low"
"hpc_1","p53","0.163","0.837","1","low"
"hpc_31","PI3K","0.186","0.814","1","low"
"hpc_32","PI3K","0.127","0.873","1","low"
"hpc_37","PI3K","0.108","0.892","1","low"
"hpc_0","p53","0.136","0.864","1","low"
"hpc_1","TGFb","0.366","0.634","1","low"
"hpc_10","TGFb","0.197","0.803","1","low"
"hpc_14","TGFb","0.241","0.759","1","low"
"hpc_7","PI3K","0.121","0.879","1","low"
"hpc_8","PI3K","0.131","0.869","1","low"
"hpc_9","PI3K","0.084","0.916","1","low"
"hpc_3","PI3K","0.125","0.875","1","low"
"hpc_0","PI3K","0.158","0.842","1","low"
"hpc_1","PI3K","0.088","0.912","1","low"
"hpc_10","PI3K","0.146","0.854","1","low"
"hpc_10","NFkB","0.091","0.909","1","low"
"hpc_14","NFkB","0.07","0.93","1","low"
"hpc_14","WNT","0.095","0.905","1","low"
"hpc_14","PI3K","0.283","0.717","1","low"
"hpc_21","PI3K","0.099","0.901","1","low"
"hpc_22","PI3K","0.133","0.867","1","low"
"hpc_27","PI3K","0.107","0.893","1","low"
"hpc_15","PI3K","0.128","0.872","1","low"
"hpc_16","PI3K","0.087","0.913","1","low"
"hpc_20","PI3K","0.258","0.742","1","low"
"hpc_31","WNT","0.078","0.922","1","low"
"hpc_3","WNT","0.132","0.868","1","low"
"hpc_27","WNT","0.066","0.934","1","low"
"hpc_39","WNT","0.094","0.906","1","low"
"hpc_37","WNT","0.037","0.963","1","low"
"hpc_32","WNT","0.063","0.937","1","low"
"hpc_22","WNT","0.03","0.97","1","low"
"hpc_9","TGFb","0.378","0.622","1","low"
"hpc_0","TNFa","0.458","0.542","1","low"
"hpc_10","TNFa","0.468","0.532","1","low"
"hpc_41","TGFb","0.19","0.81","1","low"
"hpc_7","TGFb","0.26","0.74","1","low"
"hpc_8","TGFb","0.427","0.573","1","low"
"hpc_39","TGFb","0.284","0.716","1","low"
"hpc_9","WNT","0.086","0.914","1","low"
"hpc_22","TGFb","0.302","0.698","1","low"
"hpc_27","TGFb","0.277","0.723","1","low"
"hpc_15","TGFb","0.245","0.755","1","low"
"hpc_16","TGFb","0.37","0.63","1","low"
"hpc_21","TGFb","0.238","0.762","1","low"
"hpc_3","TGFb","0.303","0.697","1","low"
"hpc_44","WNT","0.048","0.952","1","low"
"hpc_37","TGFb","0.213","0.787","1","low"
"hpc_41","WNT","0.057","0.943","1","low"
"hpc_32","TGFb","0.229","0.771","1","low"
"hpc_8","WNT","0.039","0.961","1","low"
"hpc_7","WNT","0.044","0.956","1","low"
"hpc_0","Estrogen","0.177","0.823","1","low"
"hpc_3","JAK-STAT","0.099","0.901","1","high"
"hpc_31","JAK-STAT","0.121","0.879","1","high"
"hpc_32","JAK-STAT","0.089","0.911","1","high"
"hpc_27","JAK-STAT","0.077","0.923","1","high"
"hpc_20","JAK-STAT","0.128","0.872","1","high"
"hpc_21","JAK-STAT","0.092","0.908","1","high"
"hpc_22","JAK-STAT","0.109","0.891","1","high"
"hpc_7","JAK-STAT","0.117","0.883","1","high"
"hpc_8","JAK-STAT","0.103","0.897","1","high"
"hpc_9","JAK-STAT","0.121","0.879","1","high"
"hpc_44","JAK-STAT","0.094","0.906","1","high"
"hpc_37","JAK-STAT","0.1","0.9","1","high"
"hpc_39","JAK-STAT","0.1","0.9","1","high"
"hpc_41","JAK-STAT","0.083","0.917","1","high"
"hpc_16","JAK-STAT","0.104","0.896","1","high"
"hpc_27","Hypoxia","0.634","0.366","1","high"
"hpc_3","Hypoxia","0.512","0.488","1","high"
"hpc_32","Hypoxia","0.494","0.506","1","high"
"hpc_22","Hypoxia","0.444","0.556","1","high"
"hpc_15","Hypoxia","0.695","0.305","1","high"
"hpc_16","Hypoxia","0.673","0.327","1","high"
"hpc_20","Hypoxia","0.652","0.348","1","high"
"hpc_10","JAK-STAT","0.119","0.881","1","high"
"hpc_14","JAK-STAT","0.102","0.898","1","high"
"hpc_15","JAK-STAT","0.089","0.911","1","high"
"hpc_1","JAK-STAT","0.088","0.912","1","high"
"hpc_44","Hypoxia","0.398","0.602","1","high"
"hpc_8","Hypoxia","0.507","0.493","1","high"
"hpc_0","JAK-STAT","0.094","0.906","1","high"
"hpc_1","MAPK","0.355","0.645","1","high"
"hpc_10","PI3K","0.546","0.454","1","high"
"hpc_14","PI3K","0.214","0.786","1","high"
"hpc_15","PI3K","0.569","0.431","1","high"
"hpc_1","PI3K","0.632","0.368","1","high"
"hpc_27","NFkB","0.481","0.519","1","high"
"hpc_44","NFkB","0.576","0.424","1","high"
"hpc_0","PI3K","0.516","0.484","1","high"
"hpc_31","PI3K","0.298","0.702","1","high"
"hpc_32","PI3K","0.458","0.542","1","high"
"hpc_37","PI3K","0.808","0.192","1","high"
"hpc_3","PI3K","0.711","0.289","1","high"
"hpc_21","PI3K","0.467","0.533","1","high"
"hpc_22","PI3K","0.705","0.295","1","high"
"hpc_27","PI3K","0.464","0.536","1","high"
"hpc_9","MAPK","0.242","0.758","1","high"
"hpc_27","MAPK","0.425","0.575","1","high"
"hpc_3","MAPK","0.287","0.713","1","high"
"hpc_31","MAPK","0.336","0.664","1","high"
"hpc_21","MAPK","0.222","0.778","1","high"
"hpc_14","MAPK","0.482","0.518","1","high"
"hpc_15","MAPK","0.267","0.733","1","high"
"hpc_16","MAPK","0.296","0.704","1","high"
"hpc_44","MAPK","0.265","0.735","1","high"
"hpc_7","MAPK","0.341","0.659","1","high"
"hpc_8","MAPK","0.348","0.652","1","high"
"hpc_41","MAPK","0.447","0.553","1","high"
"hpc_32","MAPK","0.275","0.725","1","high"
"hpc_37","MAPK","0.386","0.614","1","high"
"hpc_39","MAPK","0.27","0.73","1","high"
"hpc_10","Hypoxia","0.693","0.307","1","high"
"hpc_0","EGFR","0.14","0.86","1","high"
"hpc_1","EGFR","0.116","0.884","1","high"
"hpc_10","EGFR","0.085","0.915","1","high"
"hpc_9","Androgen","0.068","0.932","1","high"
"hpc_44","Androgen","0.124","0.876","1","high"
"hpc_7","Androgen","0.641","0.359","1","high"
"hpc_8","Androgen","0.089","0.911","1","high"
"hpc_21","EGFR","0.186","0.814","1","high"
"hpc_22","EGFR","0.108","0.892","1","high"
"hpc_27","EGFR","0.133","0.867","1","high"
"hpc_20","EGFR","0.13","0.87","1","high"
"hpc_14","EGFR","0.121","0.879","1","high"
"hpc_15","EGFR","0.146","0.854","1","high"
"hpc_16","EGFR","0.076","0.924","1","high"
"hpc_41","Androgen","0.106","0.894","1","high"
"hpc_16","Androgen","0.062","0.938","1","high"
"hpc_20","Androgen","0.17","0.83","1","high"
"hpc_21","Androgen","0.079","0.921","1","high"
"hpc_15","Androgen","0.09","0.91","1","high"
"hpc_1","Androgen","0.062","0.938","1","high"
"hpc_10","Androgen","0.075","0.925","1","high"
"hpc_14","Androgen","0.067","0.933","1","high"
"hpc_32","Androgen","0.113","0.887","1","high"
"hpc_37","Androgen","0.08","0.92","1","high"
"hpc_39","Androgen","0.19","0.81","1","high"
"hpc_31","Androgen","0.061","0.939","1","high"
"hpc_22","Androgen","0.074","0.926","1","high"
"hpc_27","Androgen","0.33","0.67","1","high"
"hpc_3","Androgen","0.074","0.926","1","high"
"hpc_3","EGFR","0.1","0.9","1","high"
"hpc_3","Estrogen","0.093","0.907","1","high"
"hpc_32","Estrogen","0.107","0.893","1","high"
"hpc_37","Estrogen","0.115","0.885","1","high"
"hpc_27","Estrogen","0.573","0.427","1","high"
"hpc_20","Estrogen","0.295","0.705","1","high"
"hpc_21","Estrogen","0.06","0.94","1","high"
"hpc_22","Estrogen","0.189","0.811","1","high"
"hpc_8","Estrogen","0.189","0.811","1","high"
"hpc_9","Estrogen","0.218","0.782","1","high"
"hpc_1","Hypoxia","0.621","0.379","1","high"
"hpc_7","Estrogen","0.125","0.875","1","high"
"hpc_39","Estrogen","0.206","0.794","1","high"
"hpc_41","Estrogen","0.136","0.864","1","high"
"hpc_44","Estrogen","0.275","0.725","1","high"
"hpc_16","Estrogen","0.157","0.843","1","high"
"hpc_41","EGFR","0.098","0.902","1","high"
"hpc_44","EGFR","0.104","0.896","1","high"
"hpc_7","EGFR","0.128","0.872","1","high"
"hpc_39","EGFR","0.134","0.866","1","high"
"hpc_31","EGFR","0.117","0.883","1","high"
"hpc_32","EGFR","0.14","0.86","1","high"
"hpc_37","EGFR","0.111","0.889","1","high"
"hpc_10","Estrogen","0.103","0.897","1","high"
"hpc_14","Estrogen","0.226","0.774","1","high"
"hpc_15","Estrogen","0.208","0.792","1","high"
"hpc_1","Estrogen","0.08","0.92","1","high"
"hpc_8","EGFR","0.124","0.876","1","high"
"hpc_9","EGFR","0.107","0.893","1","high"
"hpc_0","Estrogen","0.021","0.979","1","high"
"hpc_39","PI3K","0.362","0.638","1","high"
"hpc_44","VEGF","0.169","0.831","1","high"
"hpc_7","VEGF","0.167","0.833","1","high"
"hpc_8","VEGF","0.52","0.48","1","high"
"hpc_41","VEGF","0.271","0.729","1","high"
"hpc_32","VEGF","0.182","0.818","1","high"
"hpc_37","VEGF","0.178","0.822","1","high"
"hpc_39","VEGF","0.201","0.799","1","high"
"hpc_15","WNT","0.761","0.239","1","high"
"hpc_16","WNT","0.605","0.395","1","high"
"hpc_20","WNT","0.321","0.679","1","high"
"hpc_14","WNT","0.138","0.862","1","high"
"hpc_9","VEGF","0.405","0.595","1","high"
"hpc_0","WNT","0.127","0.873","1","high"
"hpc_10","WNT","0.098","0.902","1","high"
"hpc_31","VEGF","0.178","0.822","1","high"
"hpc_0","VEGF","0.277","0.723","1","high"
"hpc_1","VEGF","0.17","0.83","1","high"
"hpc_14","VEGF","0.126","0.874","1","high"
"hpc_9","Trail","0.311","0.689","1","high"
"hpc_44","Trail","0.327","0.673","1","high"
"hpc_7","Trail","0.393","0.607","1","high"
"hpc_8","Trail","0.323","0.677","1","high"
"hpc_22","VEGF","0.198","0.802","1","high"
"hpc_27","VEGF","0.62","0.38","1","high"
"hpc_3","VEGF","0.432","0.568","1","high"
"hpc_21","VEGF","0.139","0.861","1","high"
"hpc_15","VEGF","0.185","0.815","1","high"
"hpc_16","VEGF","0.124","0.876","1","high"
"hpc_20","VEGF","0.583","0.417","1","high"
"hpc_21","WNT","0.196","0.804","1","high"
"hpc_44","p53","0.739","0.261","1","high"
"hpc_7","p53","0.747","0.253","1","high"
"hpc_0","Androgen","0.024","0.976","1","high"
"hpc_39","p53","0.617","0.383","1","high"
"hpc_3","p53","0.582","0.418","1","high"
"hpc_31","p53","0.619","0.381","1","high"
"hpc_37","p53","0.605","0.395","1","high"
"hpc_39","Androgen","0.165","0.835","1","low"
"hpc_41","Androgen","0.138","0.862","1","low"
"hpc_44","Androgen","0.131","0.869","1","low"
"hpc_31","Androgen","0.108","0.892","1","low"
"hpc_0","Androgen","0.052","0.948","1","low"
"hpc_16","Androgen","0.117","0.883","1","low"
"hpc_3","Androgen","0.123","0.877","1","low"
"hpc_16","p53","0.526","0.474","1","high"
"hpc_32","WNT","0.276","0.724","1","high"
"hpc_37","WNT","0.414","0.586","1","high"
"hpc_39","WNT","0.471","0.529","1","high"
"hpc_31","WNT","0.348","0.652","1","high"
"hpc_22","WNT","0.5","0.5","1","high"
"hpc_27","WNT","0.794","0.206","1","high"
"hpc_3","WNT","0.5","0.5","1","high"
"hpc_10","p53","0.779","0.221","1","high"
"hpc_14","p53","0.69","0.31","1","high"
"hpc_15","p53","0.708","0.292","1","high"
"hpc_8","WNT","0.851","0.149","1","high"
"hpc_41","WNT","0.232","0.768","1","high"
"hpc_44","WNT","0.252","0.748","1","high"
"hpc_7","WNT","0.421","0.579","1","high"
"hpc_41","Trail","0.302","0.698","1","high"
"hpc_41","TGFb","0.567","0.433","1","high"
"hpc_44","TGFb","0.176","0.824","1","high"
"hpc_7","TGFb","0.516","0.484","1","high"
"hpc_39","TGFb","0.224","0.776","1","high"
"hpc_31","TGFb","0.359","0.641","1","high"
"hpc_32","TGFb","0.197","0.803","1","high"
"hpc_37","TGFb","0.264","0.736","1","high"
"hpc_10","TNFa","0.162","0.838","1","high"
"hpc_14","TNFa","0.234","0.766","1","high"
"hpc_15","TNFa","0.369","0.631","1","high"
"hpc_1","TNFa","0.059","0.941","1","high"
"hpc_8","TGFb","0.281","0.719","1","high"
"hpc_9","TGFb","0.205","0.795","1","high"
"hpc_0","TNFa","0.056","0.944","1","high"
"hpc_3","TGFb","0.28","0.72","1","high"
"hpc_0","TGFb","0.084","0.916","1","high"
"hpc_1","TGFb","0.407","0.593","1","high"
"hpc_10","TGFb","0.139","0.861","1","high"
"hpc_9","PI3K","0.315","0.685","1","high"
"hpc_41","PI3K","0.261","0.739","1","high"
"hpc_44","PI3K","0.313","0.687","1","high"
"hpc_7","PI3K","0.329","0.671","1","high"
"hpc_21","TGFb","0.163","0.837","1","high"
"hpc_22","TGFb","0.53","0.47","1","high"
"hpc_27","TGFb","0.356","0.644","1","high"
"hpc_20","TGFb","0.17","0.83","1","high"
"hpc_14","TGFb","0.166","0.834","1","high"
"hpc_15","TGFb","0.324","0.676","1","high"
"hpc_16","TGFb","0.213","0.787","1","high"
"hpc_16","TNFa","0.099","0.901","1","high"
"hpc_16","Trail","0.251","0.749","1","high"
"hpc_20","Trail","0.369","0.631","1","high"
"hpc_21","Trail","0.264","0.736","1","high"
"hpc_15","Trail","0.371","0.629","1","high"
"hpc_1","Trail","0.294","0.706","1","high"
"hpc_10","Trail","0.522","0.478","1","high"
"hpc_14","Trail","0.488","0.512","1","high"
"hpc_32","Trail","0.265","0.735","1","high"
"hpc_37","Trail","0.256","0.744","1","high"
"hpc_39","Trail","0.301","0.699","1","high"
"hpc_31","Trail","0.37","0.63","1","high"
"hpc_22","Trail","0.378","0.622","1","high"
"hpc_27","Trail","0.284","0.716","1","high"
"hpc_3","Trail","0.234","0.766","1","high"
"hpc_0","Trail","0.862","0.138","1","high"
"hpc_3","TNFa","0.153","0.847","1","high"
"hpc_31","TNFa","0.088","0.912","1","high"
"hpc_32","TNFa","0.17","0.83","1","high"
"hpc_27","TNFa","0.102","0.898","1","high"
"hpc_20","TNFa","0.351","0.649","1","high"
"hpc_21","TNFa","0.367","0.633","1","high"
"hpc_22","TNFa","0.125","0.875","1","high"
"hpc_7","TNFa","0.566","0.434","1","high"
"hpc_8","TNFa","0.257","0.743","1","high"
"hpc_9","TNFa","0.089","0.911","1","high"
"hpc_44","TNFa","0.141","0.859","1","high"
"hpc_37","TNFa","0.151","0.849","1","high"
"hpc_39","TNFa","0.176","0.824","1","high"
"hpc_41","TNFa","0.179","0.821","1","high"
